{
  "project_info": {
    "project_number": "213412197825",
    "firebase_url": "https://rebootway.firebaseio.com",
    "project_id": "rebootway",
    "storage_bucket": "rebootway.appspot.com"
  },
  "client": [
    {
      "client_info": {
        "mobilesdk_app_id": "1:213412197825:android:7b4fd3fe53cb9c58",
        "android_client_info": {
          "package_name": "com.taozen.quithabit"
        }
      },
      "oauth_client": [
        {
          "client_id": "213412197825-qadel0r9b58jmmvguno90lvea09d20sv.apps.googleusercontent.com",
          "client_type": 3
        }
      ],
      "api_key": [
        {
          "current_key": "AIzaSyAgmvh1-JZd28H0upmWuIukWtbAgxDYil0"
        }
      ],
      "services": {
        "appinvite_service": {
          "other_platform_oauth_client": [
            {
              "client_id": "213412197825-qadel0r9b58jmmvguno90lvea09d20sv.apps.googleusercontent.com",
              "client_type": 3
            }
          ]
        }
      }
    }
  ],
  "configuration_version": "1"
}